,Timestamp,Your research topic (one word),Lab,Your first name,Time Scale,Spatial Scale,Optional: What concept does your research address?,Optional: What question are you trying to answer with your research?,Color
0,2/19/2025 8:08:03,Test,Lab A,Participant 1,1.00E+0: one second,1.00E0: one cubic meter (1000 liters),,,
1,2/20/2025 2:20:30,Particles,Lab J,Participant 2,1.00E+09: ~31 years,1.00E+06: hecto (h),,,
2,2/20/2025 7:10:47,Interactions,Lab J,Participant 3,1.00E+04: ~3 hours,1.00E-18: 1 cubic µm (typical bacterial cell volume),Interaction complexity at single cells effect upon community growth,To which extent obligated mutualistic interactions can sustain community growth?,
3,2/20/2025 8:30:54,Phototrophy,Lab J,Participant 4,1.00E+0: one second,1.00E-18: 1 cubic µm (typical bacterial cell volume),Bacterial light-harvesting,Quantification of rhodopsin-driven light harvesting,
4,2/21/2025 0:47:34,chemotaxis,Lab J,Participant 5,1.00E+04: ~3 hours,1.00E-18: 1 cubic µm (typical bacterial cell volume),bacterial chemotaxis towards algae-derived polysaccharides in the ocean,what kind of chemotactic response do big polysaccharides elicit in marine bacteria and what are their effect general effect on bacterial growth/behavior,
5,2/21/2025 2:05:02,Glycobiology,Lab G,Participant 6,1.00E+06: ~12 days,1.00E-3: 1 cubic dm (1 liter),Characterization of diatom-produced carbohydrates and their interactions with marine bacteria.,Which carbohydrates do diatoms secrete and what are their structural properties?,
6,2/21/2025 3:18:06,Interactions,Lab H,Participant 7,1.00E+06: ~12 days,1.00E-6: 1 cubic cm (1 milliliter),,,
7,2/21/2025 9:12:06,Attachment,Lab J,Participant 8,1.00E+02: ~2 minutes,1.00E-15: 10 cubic µm (typical yeast cell volume),,,
8,2/23/2025 8:07:34,Particles,Lab J,Participant 9,1.00E+04: ~3 hours,1.00E-6: 1 cubic cm (1 milliliter),,,
9,2/23/2025 8:32:23,Fucoidan variability,Lab G,Participant 10,1.00E+04: ~3 hours,1.00E-3: 1 cubic dm (1 liter),,Does the variability of fucoidan promote carbon sequestration in the ocean?,
10,2/23/2025 22:00:59,Encounters,Lab J,Participant 11,1.00E+04: ~3 hours,1.00E-6: 1 cubic cm (1 milliliter),,,
11,2/23/2025 23:50:54,Metabolism,Lab I,Participant 12,1.00E+06: ~12 days,1.00E-6: 1 cubic cm (1 milliliter),,,
12,2/24/2025 1:34:34,Interactions,Lab J,Participant 13,1.00E+04: ~3 hours,1.00E-15: 10 cubic µm (typical yeast cell volume),,,
13,2/24/2025 4:35:31,interactions,Lab H,Participant 14,1.00E+06: ~12 days,1.00E-6: 1 cubic cm (1 milliliter),,,
14,2/24/2025 5:23:42,particles,Lab G,Participant 15,1.00E+07: ~3 months,1.00E+09: cubic km,Particle formation in the ocean.,What role does fucoidan play in particle formation?,
15,2/24/2025 12:05:33,Photochemistry,Lab J,Participant 16,1.00E+04: ~3 hours,1.00E-6: 1 cubic cm (1 milliliter),,,
16,2/24/2025 23:58:17,Bacterial conjugation,Lab J,Participant 17,1.00E+02: ~2 minutes,1.00E-6: 1 cubic cm (1 milliliter),,,
17,2/24/2025 23:58:20,functional redundancy,Lab I,Participant 18,1.00E+04: ~3 hours,1.00E-15: 10 cubic µm (typical yeast cell volume),,,
18,2/24/2025 23:59:30,Starvation,Lab J,Participant 19,1.00E+04: ~3 hours,1.00E-12: 100 cubic µm (pollen grain),World peace,How does starvation affect the ability of marine bacteria to colonize marine particles?,
19,2/25/2025 0:31:17,Symbiosis,Lab J,Participant 20,1.00E+04: ~3 hours,1.00E-3: 1 cubic dm (1 liter),,,
20,2/25/2025 4:41:30,Polysaccharides,Lab G,Participant 21,1.00E+06: ~12 days,1.00E-6: 1 cubic cm (1 milliliter),carbon cycling,Stability of microalgal glycans,
